,City,Country,Cloudiness,Date,Humidity,Lat,Lng,Max Temp,Wind Speed
0,andenes,NO,0,12/10/2017,69,69.31,16.12,37.4,14.99
1,mount isa,AU,0,12/10/2017,15,-20.73,139.5,89.6,9.17
2,coquimbo,CL,20,12/10/2017,68,-29.95,-71.34,64.4,9.17
3,tawang,IN,0,12/10/2017,51,27.58,91.87,33.67,1.14
4,ahipara,NZ,44,12/10/2017,76,-35.17,173.17,69.98,3.49
5,moron,CU,75,12/10/2017,68,22.11,-78.63,69.8,14.99
6,kuala selangor,MY,56,12/10/2017,99,3.35,101.25,72.91,4.61
7,saint-philippe,RE,0,12/10/2017,64,-21.36,55.77,75.2,4.7
8,niquero,CU,92,12/10/2017,100,20.04,-77.58,77.18,15.46
9,bengkulu,ID,80,12/10/2017,100,-3.8,102.27,77.9,5.95
10,jinotega,NI,40,12/10/2017,63,13.09,-86,66.2,13.87
11,bowen,AU,40,12/10/2017,78,-20.02,148.23,77,8.05
12,novobiryusinskiy,RU,0,12/10/2017,55,56.96,97.71,-5.31,6.17
13,pangoa,PE,44,12/10/2017,92,-12.12,-73,75.56,2.26
14,pangnirtung,CA,90,12/10/2017,85,66.15,-65.71,12.2,5.61
15,broken hill,AU,0,12/10/2017,56,-31.95,141.43,64.72,10.65
16,bluff,NZ,48,12/10/2017,100,-46.6,168.33,58.46,25.52
17,touros,BR,80,12/10/2017,81,-5.2,-35.46,80.83,10.2
18,quatre cocos,MU,20,12/10/2017,78,-20.21,57.76,77,6.93
19,broome,AU,40,12/10/2017,84,-17.97,122.23,86,5.82
20,chokurdakh,RU,48,12/10/2017,67,70.63,147.92,-14.4,5.61
21,srednekolymsk,RU,64,12/10/2017,72,67.45,153.68,-10.12,3.27
22,nelson bay,AU,20,12/10/2017,53,-32.72,152.15,75.2,9.17
23,pitimbu,BR,0,12/10/2017,78,-7.47,-34.81,80.6,11.41
24,caravelas,BR,68,12/10/2017,100,-17.71,-39.25,79.12,9.19
25,mankato,US,90,12/10/2017,80,44.16,-94,35.6,8.05
26,kutum,SD,0,12/10/2017,57,14.2,24.67,52.93,3.94
27,imeni morozova,RU,90,12/10/2017,93,59.98,31.04,32,2.24
28,vaini,TO,20,12/10/2017,69,-21.2,-175.2,80.6,9.17
29,cardoso,BR,48,12/10/2017,62,-20.08,-49.91,85.96,7.07
30,taksimo,RU,0,12/10/2017,69,56.34,114.88,-37.8,2.15
31,new norfolk,AU,75,12/10/2017,59,-42.78,147.06,62.6,6.93
32,ust-nera,RU,44,12/10/2017,0,64.57,143.2,-44.73,1.92
33,saldanha,ZA,0,12/10/2017,55,-33.01,17.94,62.6,5.82
34,aquiraz,BR,0,12/10/2017,74,-3.9,-38.39,82.4,5.82
35,shimoda,JP,0,12/10/2017,100,34.67,138.95,55.45,10.76
36,shache,CN,12,12/10/2017,68,38.42,77.24,17.74,5.28
37,kuusamo,FI,90,12/10/2017,92,65.97,29.18,28.4,11.41
38,busselton,AU,20,12/10/2017,100,-33.65,115.33,67.28,16.46
39,chuy,UY,0,12/10/2017,60,-33.7,-53.46,71.47,17.47
40,marawi,SD,0,12/10/2017,51,18.48,31.82,73.4,9.64
41,waterloo,SL,0,12/10/2017,66,8.34,-13.07,84.2,9.17
42,bam,IR,0,12/10/2017,57,29.11,58.36,24.4,2.93
43,byron bay,AU,40,12/10/2017,64,-28.65,153.62,75.2,14.99
44,manggar,ID,56,12/10/2017,100,-2.88,108.27,75.97,5.95
45,tezu,IN,0,12/10/2017,79,27.92,96.17,50.36,1.48
46,manokwari,ID,76,12/10/2017,100,-0.87,134.08,79.39,15.12
47,cairns,AU,40,12/10/2017,69,-16.92,145.77,80.6,11.41
48,bandarbeyla,SO,12,12/10/2017,100,9.49,50.81,76.73,24.07
49,laguna,BR,32,12/10/2017,80,-28.48,-48.78,78.35,13.22
50,clyde river,CA,90,12/10/2017,84,70.47,-68.59,6.8,9.17
51,matara,LK,20,12/10/2017,100,5.95,80.54,75.16,2.26
52,pisco,PE,0,12/10/2017,77,-13.7,-76.22,69.8,10.29
53,lebu,CL,76,12/10/2017,91,-37.62,-73.65,56.66,23.62
54,sawakin,SD,8,12/10/2017,78,19.11,37.33,77,13.87
55,yangjiang,CN,8,12/10/2017,100,21.85,111.97,60.94,20.49
56,carnarvon,AU,92,12/10/2017,99,-24.87,113.63,72.5,8.41
57,souillac,MU,40,12/10/2017,78,-20.52,57.52,77,5.82
58,kuldiga,LV,0,12/10/2017,89,56.97,21.96,30.2,8.05
59,yhu,PY,12,12/10/2017,50,-25.05,-55.92,87.67,10.09
60,aklavik,CA,90,12/10/2017,84,68.22,-135.01,6.8,2.24
61,hovd,MN,0,12/10/2017,73,48.01,91.64,-5.94,1.14
62,utica,US,90,12/10/2017,68,43.1,-75.23,28.4,8.05
63,vila praia de ancora,PT,75,12/10/2017,93,41.81,-8.85,53.6,11.41
64,ampanihy,MG,48,12/10/2017,87,-24.7,44.75,68.45,8.41
65,san rafael,AR,0,12/10/2017,20,-34.62,-68.33,87.31,5.73
66,oktyabrskiy,RU,20,12/10/2017,77,54.48,53.47,2.21,2.93
67,pacific grove,US,1,12/10/2017,19,36.62,-121.92,80.6,5.82
68,wakkanai,JP,92,12/10/2017,100,45.41,141.67,34.75,38.05
69,foumban,CM,76,12/10/2017,58,5.73,10.9,72.37,2.37
70,awallan,PH,64,12/10/2017,96,17.92,121.91,70.88,6.96
71,santa rosa,AR,0,12/10/2017,29,-36.62,-64.28,87.31,13.22
72,lukovetskiy,RU,90,12/10/2017,92,64.3,41.92,24.8,13.42
73,isangel,VU,64,12/10/2017,100,-19.55,169.27,78.98,10.87
74,butaritari,KI,64,12/10/2017,100,3.07,172.79,80.6,8.19
75,santiago del estero,AR,0,12/10/2017,30,-27.8,-64.26,99.73,5.17
76,ngunguru,NZ,64,12/10/2017,94,-35.62,174.5,67.33,3.71
77,awbari,LY,0,12/10/2017,71,26.59,12.78,37.58,3.6
78,kieta,PG,92,12/10/2017,100,-6.22,155.63,75.7,6.4
79,plunge,LT,75,12/10/2017,92,55.91,21.84,30.2,6.93
80,kitgum,UG,8,12/10/2017,41,3.28,32.89,71.38,11.21
81,arlit,NE,0,12/10/2017,31,18.74,7.39,57.2,10.65
82,south venice,US,1,12/10/2017,54,27.05,-82.42,59,10.29
83,hailey,US,5,12/10/2017,44,43.52,-114.32,39.2,11.41
84,sola,VU,8,12/10/2017,96,-13.88,167.55,82.45,8.75
85,okato,NZ,8,12/10/2017,91,-39.2,173.88,66.7,9.98
86,bilma,NE,0,12/10/2017,51,18.69,12.92,54.5,7.52
87,cabo san lucas,MX,90,12/10/2017,39,22.89,-109.91,80.6,5.39
88,mpika,ZM,68,12/10/2017,94,-11.83,31.45,64.27,1.25
89,darnah,LY,64,12/10/2017,100,32.77,22.64,65.35,3.94
90,nago,JP,75,12/10/2017,59,26.59,127.98,66.2,13.87
91,newry,GB,0,12/10/2017,92,54.18,-6.34,28.4,2.24
92,socorro,US,75,12/10/2017,22,31.65,-106.3,59,3.36
93,pasighat,IN,0,12/10/2017,84,28.07,95.33,52.93,1.92
94,tarsus,TR,0,12/10/2017,81,36.92,34.88,46.4,2.24
95,zalantun,CN,36,12/10/2017,69,48,122.72,-1.8,7.74
96,ushuaia,AR,40,12/10/2017,42,-54.8,-68.3,62.6,3.36
97,atuona,PF,92,12/10/2017,100,-9.8,-139.03,77.41,10.76
98,notse,TG,0,12/10/2017,60,6.95,1.17,70.84,3.04
99,kloulklubed,PW,75,12/10/2017,94,7.04,134.26,82.4,3.36
100,braganca,BR,76,12/10/2017,72,-1.05,-46.77,82.81,6.06
101,riyadh,SA,0,12/10/2017,22,24.69,46.72,44.6,2.26
102,los llanos de aridane,ES,0,12/10/2017,63,28.66,-17.92,66.2,9.17
103,beloha,MG,12,12/10/2017,97,-25.17,45.05,69.22,6.17
104,xichang,CN,0,12/10/2017,100,27.9,102.26,30.07,1.36
105,lorengau,PG,20,12/10/2017,100,-2.02,147.27,81.82,7.85
106,faanui,PF,80,12/10/2017,100,-16.48,-151.75,81.68,11.99
107,vikyrovice,CZ,92,12/10/2017,89,49.98,17.01,32.77,13.22
108,grindavik,IS,0,12/10/2017,68,63.84,-22.43,24.8,6.93
109,zhangye,CN,0,12/10/2017,62,38.93,100.45,5.45,3.15
110,goure,NE,0,12/10/2017,39,13.98,10.27,67.15,11.99
111,teluk nibung,ID,48,12/10/2017,100,3,99.82,73.99,3.38
112,fare,PF,92,12/10/2017,100,-16.7,-151.02,81.46,12.33
113,kholodnyy,RU,76,12/10/2017,33,62.72,147.95,-24.52,3.49
114,burriana,ES,40,12/10/2017,55,39.89,-0.09,62.6,17.22
115,namatanai,PG,88,12/10/2017,100,-3.67,152.43,80.38,7.63
116,hualmay,PE,0,12/10/2017,67,-11.1,-77.61,71.33,5.28
117,husavik,IS,90,12/10/2017,85,66.04,-17.34,23,7.96
118,ternate,ID,44,12/10/2017,100,0.8,127.4,79.93,4.05
119,buseresere,TZ,80,12/10/2017,98,-3.02,31.87,63.95,4.72
120,lavrentiya,RU,8,12/10/2017,100,65.58,-171,20.89,36.15
121,ippy,CF,12,12/10/2017,75,6.27,21.22,70.3,2.82
122,andros town,BS,75,12/10/2017,56,24.7,-77.77,71.6,12.75
123,kruisfontein,ZA,76,12/10/2017,84,-34,24.73,60.26,7.96
124,alta floresta,BR,48,12/10/2017,95,-9.88,-56.09,75.11,2.93
125,saskylakh,RU,20,12/10/2017,38,71.92,114.08,-24.57,3.15
126,merced,US,1,12/10/2017,39,37.3,-120.48,66.2,4.7
127,kipushi,CD,64,12/10/2017,94,-11.77,27.23,62.56,2.48
128,huangmei,CN,0,12/10/2017,100,30.19,116.03,32.45,4.72
129,dossor,KZ,0,12/10/2017,71,47.53,52.98,7.39,3.38
130,belaya gora,RU,36,12/10/2017,73,68.53,146.42,-16.11,2.82
131,katherine,AU,0,12/10/2017,78,-14.47,132.27,80.6,6.93
132,lichtenburg,ZA,32,12/10/2017,96,-26.15,26.16,56.03,2.71
133,goundam,ML,0,12/10/2017,45,16.41,-3.67,62.96,9.86
134,alto araguaia,BR,92,12/10/2017,82,-17.31,-53.22,76.69,8.41
135,ribeira grande,PT,75,12/10/2017,93,38.52,-28.7,64.4,19.46
136,joshimath,IN,0,12/10/2017,96,30.57,79.57,-0.22,1.03
137,petropavlovsk-kamchatskiy,RU,90,12/10/2017,95,53.05,158.65,33.8,15.66
138,chengde,CN,0,12/10/2017,40,40.97,117.94,0.55,6.06
139,nyurba,RU,48,12/10/2017,44,63.28,118.33,-27.54,4.94
140,kiama,AU,0,12/10/2017,72,-34.68,150.87,68,3.36
141,ambon,ID,40,12/10/2017,88,-3.7,128.18,77,5.82
142,kingaroy,AU,0,12/10/2017,82,-26.53,151.83,66.16,11.88
143,ormara,PK,0,12/10/2017,91,25.21,64.64,64.63,6.85
144,kununurra,AU,0,12/10/2017,88,-15.77,128.73,80.6,4.7
145,lemgo,DE,90,12/10/2017,93,52.03,8.9,42.8,17.22
146,fortuna,US,1,12/10/2017,36,40.6,-124.16,66.2,3.36
147,klaksvik,FO,80,12/10/2017,100,62.23,-6.59,39.2,34.45
148,margate,ZA,64,12/10/2017,89,-30.86,30.37,66.34,7.18
149,douglas,US,1,12/10/2017,14,31.34,-109.55,62.6,20.8
150,trinidad,CU,75,12/10/2017,63,21.8,-79.98,66.2,12.75
151,leningradskiy,RU,36,12/10/2017,100,69.38,178.42,10.36,18.03
152,amuntai,ID,48,12/10/2017,91,-2.42,115.25,76.01,2.15
153,gedinne,BE,75,12/10/2017,93,49.98,4.94,41,6.93
154,vega de alatorre,MX,0,12/10/2017,65,20.03,-96.63,64.9,10.76
155,mae sai,TH,75,12/10/2017,100,20.43,99.88,73.4,2.24
156,kontagora,NG,0,12/10/2017,38,10.4,5.47,73.81,9.53
157,atambua,ID,8,12/10/2017,100,-9.11,124.89,75.56,2.93
158,poopo,BO,0,12/10/2017,47,-18.37,-66.97,67.06,7.52
159,huilong,CN,0,12/10/2017,100,31.81,121.66,39.11,12.21
160,yar-sale,RU,20,12/10/2017,78,66.83,70.83,2.48,10.54
161,launceston,AU,12,12/10/2017,71,-41.45,147.17,57.2,3.36
162,yenagoa,NG,24,12/10/2017,89,4.92,6.26,75.79,6.06
163,puerto ayora,EC,20,12/10/2017,61,-0.74,-90.35,78.8,20.8
164,brae,GB,56,12/10/2017,92,60.4,-1.35,35.6,11.54
165,baixa grande,BR,68,12/10/2017,64,-11.96,-40.17,77.59,8.52
166,yellowknife,CA,75,12/10/2017,92,62.46,-114.35,5,3.36
167,pevek,RU,68,12/10/2017,100,69.7,170.31,7.48,5.17
168,jashpurnagar,IN,0,12/10/2017,95,22.9,84.15,60.4,2.93
169,svetlogorsk,RU,40,12/10/2017,86,54.94,20.15,30.2,8.95
170,oranjemund,NA,0,12/10/2017,95,-28.55,16.43,62.96,11.77
171,ha giang,VN,92,12/10/2017,100,22.83,104.98,55.27,1.92
172,mackenzie,CA,1,12/10/2017,86,55.3,-123.17,30.2,8.05
173,rapid valley,US,1,12/10/2017,9,44.06,-103.15,62.6,17.22
174,portland,AU,68,12/10/2017,100,-38.33,141.6,60.22,4.72
175,nautla,MX,0,12/10/2017,100,20.22,-96.78,70.16,17.92
176,tocopilla,CL,0,12/10/2017,76,-22.09,-70.2,65.35,4.5
177,maldonado,UY,0,12/10/2017,43,-34.9,-54.95,73.4,8.05
178,port lincoln,AU,0,12/10/2017,91,-34.73,135.87,64.99,11.54
179,spearfish,US,1,12/10/2017,17,44.49,-103.86,53.6,17.22
180,riberalta,BO,90,12/10/2017,100,-10.98,-66.1,69.8,6.93
181,port macquarie,AU,24,12/10/2017,64,-31.43,152.92,73.4,4.7
182,mercedes,UY,0,12/10/2017,28,-33.25,-58.03,88.61,13
183,beysehir,TR,36,12/10/2017,100,37.68,31.72,40.91,9.19
184,kondratovo,RU,0,12/10/2017,76,57.98,56.11,-9.41,6.71
185,calatayud,ES,75,12/10/2017,51,41.35,-1.64,62.6,3.36
186,pahrump,US,1,12/10/2017,6,36.21,-115.98,66.2,12.75
187,vallenar,CL,0,12/10/2017,68,-28.57,-70.76,72.64,2.93
188,vanimo,PG,68,12/10/2017,100,-2.67,141.3,80.83,4.27
189,mwandiga,TZ,75,12/10/2017,100,-4.83,29.66,69.8,2.48
190,hami,CN,0,12/10/2017,69,42.8,93.45,12.52,9.08
191,cidreira,BR,88,12/10/2017,62,-30.18,-50.21,77,17.25
192,saint-pierre,PM,75,12/10/2017,93,46.77,-56.17,42.8,29.97
193,sosenskiy,RU,92,12/10/2017,93,54.06,35.96,39.7,15.01
194,warrington,US,20,12/10/2017,46,30.38,-87.28,55.4,5.82
195,sao joao da barra,BR,20,12/10/2017,83,-21.64,-41.05,75.2,4.7
196,moerai,PF,68,12/10/2017,95,-22.43,-151.33,79.48,12.77
197,vestmannaeyjar,IS,0,12/10/2017,100,63.44,-20.27,23.14,12.1
198,hithadhoo,MV,64,12/10/2017,100,-0.6,73.08,80.38,4.72
199,meulaboh,ID,80,12/10/2017,100,4.14,96.13,74.93,2.59
200,hokitika,NZ,56,12/10/2017,97,-42.72,170.97,61.75,9.19
201,roma,AU,0,12/10/2017,67,-26.58,148.78,69.85,9.08
202,linjiang,CN,48,12/10/2017,64,41.81,126.91,-5.62,7.18
203,myitkyina,MM,92,12/10/2017,100,25.38,97.4,65.17,1.7
204,mar del plata,AR,40,12/10/2017,67,-38,-57.56,60.8,23.04
205,hamilton,US,1,12/10/2017,51,39.4,-84.56,35.6,5.82
206,cran-gevrier,FR,90,12/10/2017,100,45.9,6.1,44.6,2.24
207,sawtell,AU,36,12/10/2017,68,-30.38,153.1,71.6,9.17
208,tuensang,IN,32,12/10/2017,98,26.28,94.83,55.63,1.92
209,ixtapa,MX,40,12/10/2017,33,20.7,-105.2,86,3.36
210,naberera,TZ,0,12/10/2017,60,-4.2,36.93,68.18,9.64
211,uyskoye,RU,68,12/10/2017,81,54.38,60,9.64,5.95
212,nanchang,CN,0,12/10/2017,85,28.68,115.88,33.26,6.96
213,agucadoura,PT,75,12/10/2017,87,41.43,-8.78,55.4,9.17
214,pampa,US,1,12/10/2017,8,35.54,-100.96,68,4.7
215,shitanjing,CN,88,12/10/2017,62,39.23,106.34,3.43,0.81
216,necochea,AR,0,12/10/2017,67,-38.55,-58.74,62.96,21.27
217,troitskoye,RU,32,12/10/2017,81,52.98,84.68,18.01,7.96
218,neuquen,AR,0,12/10/2017,40,-38.95,-68.06,86,5.82
219,urambo,TZ,92,12/10/2017,99,-5.07,32.05,65.89,2.37
220,nueve de julio,AR,0,12/10/2017,31,-35.44,-60.88,83.89,19.48
221,liwale,TZ,100,12/10/2017,98,-9.77,37.93,70.88,5.28
222,gumdag,TM,0,12/10/2017,92,39.21,54.59,35.83,13.22
223,namanyere,TZ,88,12/10/2017,96,-7.52,31.05,61.39,0.58
224,davila,PH,75,12/10/2017,88,18.47,120.58,73.4,2.24
225,thinadhoo,MV,32,12/10/2017,100,0.53,72.93,80.2,3.94
226,buffalo,US,90,12/10/2017,74,42.89,-78.88,30.2,18.34
227,aswan,EG,0,12/10/2017,48,24.09,32.91,64.4,6.93
228,yilan,CN,44,12/10/2017,49,46.32,129.57,-16.83,3.49
229,rikitea,PF,88,12/10/2017,100,-23.12,-134.97,75.97,13.11
230,palana,RU,76,12/10/2017,81,59.12,159.97,30.88,20.27
231,aguai,BR,0,12/10/2017,51,-22.06,-46.98,80.6,5.82
232,meadow lake,CA,90,12/10/2017,80,54.13,-108.43,41,19.46
233,ponta do sol,PT,40,12/10/2017,77,32.67,-17.1,62.6,3.36
234,cobija,BO,75,12/10/2017,66,-11.03,-68.77,89.6,13.87
235,chipinge,ZW,0,12/10/2017,78,-20.19,32.62,70.61,3.83
236,horta,PT,75,12/10/2017,93,38.53,-28.63,64.4,19.46
237,tura,RU,76,12/10/2017,71,64.28,100.25,-16.47,2.59
238,tautira,PF,75,12/10/2017,66,-17.73,-149.15,86,17.22
239,haines junction,CA,0,12/10/2017,81,60.75,-137.51,27.05,4.16
240,tasiilaq,GL,32,12/10/2017,79,65.61,-37.64,21.2,3.36
241,sabha,LY,48,12/10/2017,51,27.04,14.43,47.35,6.62
242,upernavik,GL,92,12/10/2017,95,72.79,-56.15,29.26,2.93
243,wolgast,DE,88,12/10/2017,100,54.05,13.77,31.6,20.83
244,turayf,SA,0,12/10/2017,45,31.67,38.66,42.8,2.71
245,basoko,CD,0,12/10/2017,91,1.24,23.62,73.9,2.82
246,puerto maldonado,PE,75,12/10/2017,94,-12.6,-69.18,73.4,11.41
247,gallup,US,1,12/10/2017,7,35.53,-108.74,57.2,3.36
248,auki,SB,44,12/10/2017,100,-8.77,160.7,80.47,3.94
249,fuerte olimpo,PY,48,12/10/2017,69,-21.04,-57.87,89.78,2.59
250,east london,ZA,92,12/10/2017,100,-33.02,27.91,64.9,4.72
251,rancharia,BR,0,12/10/2017,27,-22.23,-50.89,89.6,6.93
252,georgetown,SH,20,12/10/2017,73,-7.93,-14.42,73.4,14.99
253,georgetown,US,1,12/10/2017,24,30.63,-97.68,69.8,8.05
254,severo-kurilsk,RU,88,12/10/2017,100,50.68,156.12,32.9,25.64
255,jamestown,SH,20,12/10/2017,99,-15.94,-5.72,70.12,13.56
256,bilibino,RU,76,12/10/2017,71,68.05,166.44,-10.84,2.37
257,gorontalo,ID,80,12/10/2017,97,0.54,123.06,74.08,1.36
258,verkhnevilyuysk,RU,56,12/10/2017,50,63.45,120.32,-29.97,4.94
259,marathon,US,1,12/10/2017,51,24.71,-81.09,62.6,9.17
260,onguday,RU,64,12/10/2017,79,50.75,86.15,7.3,1.7
261,mareeba,AU,40,12/10/2017,69,-17,145.43,80.6,11.41
262,rio grande,BR,0,12/10/2017,64,-32.03,-52.1,74.62,21.16
263,tual,ID,24,12/10/2017,100,-5.67,132.75,84.25,4.94
264,nuevo laredo,MX,1,12/10/2017,49,27.48,-99.52,69.8,5.82
265,mahebourg,MU,40,12/10/2017,78,-20.41,57.7,77,5.82
266,bambous virieux,MU,40,12/10/2017,78,-20.34,57.76,77,5.82
267,kirakira,SB,76,12/10/2017,100,-10.45,161.92,82.31,5.06
268,mahanoro,MG,20,12/10/2017,93,-19.9,48.8,74.26,2.37
269,bosobolo,CD,8,12/10/2017,79,4.18,19.9,71.47,3.15
270,magadan,RU,68,12/10/2017,60,59.57,150.8,10.4,15.66
271,victoria,SC,40,12/10/2017,78,-4.62,55.45,80.6,2.24
272,korla,CN,0,12/10/2017,67,41.76,86.15,5.23,1.59
273,mishkino,RU,64,12/10/2017,88,55.34,63.92,14.86,8.3
274,half moon bay,US,20,12/10/2017,51,37.46,-122.43,69.8,3.94
275,vernon,US,1,12/10/2017,1,34.15,-99.27,75.2,5.82
276,bariri,BR,0,12/10/2017,52,-22.07,-48.74,87.8,6.93
277,port-cartier,CA,40,12/10/2017,78,50.03,-66.87,12.2,5.82
278,cherskiy,RU,64,12/10/2017,89,68.75,161.3,-6.25,4.61
279,coahuayana,MX,90,12/10/2017,34,18.73,-103.68,82.4,9.17
280,benjamin constant,BR,40,12/10/2017,70,-4.38,-70.03,84.2,3.36
281,port hardy,CA,75,12/10/2017,53,50.7,-127.42,51.8,8.05
282,bumba,CD,44,12/10/2017,84,2.18,22.47,76.01,2.59
283,longyearbyen,SJ,75,12/10/2017,68,78.22,15.64,28.4,11.41
284,rio grande,PE,0,12/10/2017,33,-14.52,-75.2,69.71,3.15
285,bend,US,1,12/10/2017,59,44.06,-121.32,35.6,6.93
286,hearst,CA,36,12/10/2017,51,49.68,-83.67,-4,5.17
287,port hawkesbury,CA,90,12/10/2017,100,45.62,-61.35,35.6,14.99
288,jiangyou,CN,56,12/10/2017,67,31.77,104.72,36.23,3.27
289,mnogovershinnyy,RU,76,12/10/2017,69,53.94,139.92,4.6,11.32
290,piet retief,ZA,92,12/10/2017,100,-27.01,30.81,54.68,3.6
291,ust-ilimsk,RU,0,12/10/2017,66,58,102.66,-22.72,2.93
292,millville,US,1,12/10/2017,64,39.4,-75.04,37.4,10.29
293,mehamn,NO,0,12/10/2017,74,71.04,27.85,33.8,9.17
294,cananea,MX,56,12/10/2017,23,30.95,-110.3,59.23,11.65
295,port alfred,ZA,88,12/10/2017,89,-33.59,26.89,63.64,6.73
296,camana,PE,0,12/10/2017,100,-16.62,-72.71,65.44,4.83
297,port elizabeth,ZA,90,12/10/2017,72,-33.92,25.57,60.8,2.24
298,terrace,CA,90,12/10/2017,93,54.52,-128.6,35.6,6.93
299,sioux lookout,CA,20,12/10/2017,76,50.1,-91.92,3.2,3.36
300,upington,ZA,0,12/10/2017,16,-28.45,21.26,73.4,5.82
301,the pas,CA,90,12/10/2017,78,53.83,-101.25,17.6,6.93
302,cap malheureux,MU,40,12/10/2017,78,-19.98,57.61,77,5.82
303,itaqui,BR,0,12/10/2017,26,-29.13,-56.55,91,18.92
304,smithers,CA,75,12/10/2017,80,54.78,-127.17,30.2,6.93
305,ilhabela,BR,0,12/10/2017,100,-23.78,-45.36,73.81,4.72
306,mount gambier,AU,32,12/10/2017,95,-37.83,140.77,56.35,3.04
307,arman,RU,68,12/10/2017,60,59.7,150.17,10.4,15.66
308,alofi,NU,32,12/10/2017,74,-19.06,-169.92,80.6,8.05
309,casablanca,MA,75,12/10/2017,100,33.59,-7.62,53.6,8.05
310,castle douglas,GB,0,12/10/2017,66,54.94,-3.93,4.69,2.71
311,esperance,AU,80,12/10/2017,27,-33.87,121.9,80.11,16.24
312,westport,NZ,36,12/10/2017,90,-41.75,171.6,60.4,3.15
313,flinders,AU,0,12/10/2017,72,-34.58,150.86,68,3.36
314,teya,RU,20,12/10/2017,62,60.38,92.63,0.23,3.04
315,presidencia roque saenz pena,AR,8,12/10/2017,32,-26.79,-60.44,96.94,11.99
316,puerto madryn,AR,0,12/10/2017,65,-42.77,-65.04,65.66,8.75
317,katsuura,JP,75,12/10/2017,67,35.13,140.3,57.2,13.87
318,sorland,NO,20,12/10/2017,52,67.67,12.69,41,10.29
319,okhotsk,RU,68,12/10/2017,100,59.38,143.3,-1.44,8.63
320,nouadhibou,MR,8,12/10/2017,55,20.93,-17.03,66.2,9.17
321,guadalupe y calvo,MX,92,12/10/2017,25,26.1,-106.97,49.69,2.59
322,tigil,RU,68,12/10/2017,83,57.8,158.67,30.2,16.69
323,iskateley,RU,80,12/10/2017,86,67.68,53.15,5.23,12.88
324,albany,AU,76,12/10/2017,85,-35.02,117.89,66.97,5.17
325,rawson,AR,0,12/10/2017,76,-43.3,-65.1,61.21,9.31
326,yerofey pavlovich,RU,36,12/10/2017,72,53.97,121.97,-17.5,5.39
327,canto do buriti,BR,88,12/10/2017,92,-8.11,-42.94,72.42,1.7
328,kortkeros,RU,75,12/10/2017,85,61.81,51.58,15.8,6.71
329,camopi,GF,20,12/10/2017,87,3.17,-52.32,76.69,3.15
330,seoul,KR,20,12/10/2017,73,37.57,126.98,24.8,10.29
331,mosquera,CO,40,12/10/2017,63,4.71,-74.23,64.4,12.75
332,geraldton,AU,0,12/10/2017,77,-28.77,114.6,69.8,10.29
333,alice springs,AU,0,12/10/2017,21,-23.7,133.88,69.8,4.7
334,cayenne,GF,90,12/10/2017,88,4.93,-52.33,80.6,5.61
335,leshukonskoye,RU,88,12/10/2017,84,64.9,45.76,20.04,7.4
336,kungurtug,RU,44,12/10/2017,52,50.6,97.52,-14.44,2.15
337,tiksi,RU,0,12/10/2017,54,71.69,128.87,-31.27,2.59
338,diosjeno,HU,75,12/10/2017,64,47.94,19.04,37.4,14.99
339,tilichiki,RU,36,12/10/2017,69,60.47,166.1,-1.39,3.6
340,huarmey,PE,0,12/10/2017,76,-10.07,-78.15,66.3,3.27
341,vanavara,RU,48,12/10/2017,67,60.34,102.28,-23.03,2.71
342,abu dhabi,AE,20,12/10/2017,56,24.47,54.37,69.8,5.82
343,ca mau,VN,8,12/10/2017,100,9.18,105.15,73.95,4.94
344,guerrero negro,MX,92,12/10/2017,39,27.98,-114.06,70.17,2.71
345,harqalah,TN,0,12/10/2017,87,36.03,10.51,53.6,12.75
346,galle,LK,36,12/10/2017,100,6.04,80.22,74.94,2.15
347,mantua,CU,0,12/10/2017,70,22.29,-84.28,67.38,8.41
348,adrar,DZ,0,12/10/2017,35,27.87,-0.29,55.4,5.82
349,naze,JP,75,12/10/2017,51,28.37,129.48,62.6,8.05
350,shepetivka,UA,36,12/10/2017,84,50.19,27.06,22.74,11.54
351,ayr,AU,0,12/10/2017,76,-19.58,147.4,84.16,14
352,west bay,KY,75,12/10/2017,73,19.37,-81.42,73.4,17.22
353,nemuro,JP,92,12/10/2017,97,43.32,145.57,42.81,33.69
354,salalah,OM,0,12/10/2017,40,17.02,54.09,69.8,9.17
355,hambantota,LK,76,12/10/2017,100,6.12,81.12,77.64,2.15
356,avarua,CK,90,12/10/2017,88,-21.21,-159.78,78.8,4.7
357,mutoko,ZW,24,12/10/2017,77,-17.4,32.23,68.1,7.4
358,sur,OM,0,12/10/2017,100,22.57,59.53,69.18,17.81
359,yalvac,TR,0,12/10/2017,92,38.3,31.18,41.14,7.4
360,mehriz,IR,0,12/10/2017,24,31.59,54.43,33.8,2.24
361,ancud,CL,8,12/10/2017,80,-41.87,-73.82,64.5,5.5
362,sinnamary,GF,68,12/10/2017,100,5.38,-52.95,79.35,7.74
363,pemba,MZ,75,12/10/2017,88,-12.97,40.52,78.8,4.7
364,bonavista,CA,92,12/10/2017,79,48.65,-53.11,47.71,29.66
365,soto la marina,MX,56,12/10/2017,38,23.77,-98.22,60.76,5.5
366,anadyr,RU,0,12/10/2017,76,64.75,177.48,-7.61,11.18
367,hammerfest,NO,40,12/10/2017,100,70.66,23.68,35.6,9.17
368,takoradi,GH,32,12/10/2017,100,4.88,-1.76,80.11,6.73
369,tazovskiy,RU,68,12/10/2017,84,67.47,78.7,9.64,13.78
370,hobart,AU,75,12/10/2017,59,-42.88,147.33,62.6,6.93
371,oussouye,SN,0,12/10/2017,78,12.48,-16.55,73.4,4.7
372,capitao poco,BR,76,12/10/2017,82,-1.75,-47.06,78.72,7.74
373,geraldton,CA,20,12/10/2017,76,49.73,-86.95,-7.61,4.7
374,dingle,IE,0,12/10/2017,100,52.14,-10.27,39.52,22.5
375,saint-joseph,RE,0,12/10/2017,64,-21.37,55.62,75.2,4.7
376,khuzhir,RU,12,12/10/2017,100,53.19,107.34,-11.24,4.27
377,gimli,CA,32,12/10/2017,76,50.63,-96.99,20.44,7.18
378,north bend,US,1,12/10/2017,50,43.41,-124.22,57.2,4.7
379,yumen,CN,56,12/10/2017,69,40.28,97.2,14.82,9.64
380,phan thiet,VN,0,12/10/2017,100,10.93,108.1,75.16,6.29
381,polson,US,0,12/10/2017,72,47.69,-114.16,22.42,1.03
382,abbeville,US,1,12/10/2017,79,29.97,-92.13,59,5.82
383,santa cruz de tenerife,ES,40,12/10/2017,100,28.47,-16.25,64.4,12.75
384,xuddur,SO,0,12/10/2017,57,4.12,43.89,67.11,9.42
385,norman wells,CA,90,12/10/2017,92,65.28,-126.83,21.2,3.36
386,nantucket,US,75,12/10/2017,64,41.28,-70.1,39.2,8.05
387,lazaro cardenas,MX,0,12/10/2017,73,17.96,-102.2,82.54,7.07
388,svetlyy,RU,40,12/10/2017,81,54.67,20.13,32,11.18
389,pedra azul,BR,76,12/10/2017,97,-16.01,-41.3,69.27,6.96
390,gainesville,US,1,12/10/2017,37,29.65,-82.32,53.6,5.82
391,sovetskaya,RU,88,12/10/2017,84,44.78,41.17,20.62,2.48
392,arshan,RU,88,12/10/2017,100,46.27,44.22,33.8,11.18
393,hermanus,ZA,32,12/10/2017,76,-34.42,19.23,56.22,8.41
394,banda aceh,ID,44,12/10/2017,100,5.56,95.32,73.72,2.48
395,keti bandar,PK,80,12/10/2017,100,24.14,67.45,66.03,11.77
396,lagoa,PT,12,12/10/2017,100,39.05,-27.98,64.41,20.04
397,serik,TR,75,12/10/2017,93,36.92,31.1,51.8,3.36
398,calama,CL,0,12/10/2017,6,-22.47,-68.93,75.2,26.4
399,sovetskiy,RU,64,12/10/2017,78,61.36,63.58,12.93,6.62
400,qinhuangdao,CN,0,12/10/2017,54,39.93,119.59,-5.17,3.04
401,dieppe,FR,0,12/10/2017,93,49.93,1.08,39.2,11.41
402,bhairab bazar,BD,90,12/10/2017,88,24.07,90.97,71.6,9.17
403,muravlenko,RU,56,12/10/2017,83,63.79,74.52,7.89,9.42
404,provideniya,RU,20,12/10/2017,52,64.38,-173.3,15.8,26.84
405,hasaki,JP,75,12/10/2017,81,35.73,140.83,44.6,2.24
406,san cristobal,EC,40,12/10/2017,83,-0.9,-89.62,71.6,11.41
407,vaitape,PF,76,12/10/2017,100,-16.52,-151.75,81.24,10.87
408,vardo,NO,75,12/10/2017,69,70.37,31.11,33.8,16.11
409,kearney,US,1,12/10/2017,18,40.7,-99.08,62.6,6.93
410,fuyang,CN,88,12/10/2017,71,32.9,115.82,27.69,2.82
411,varhaug,NO,0,12/10/2017,85,58.61,5.65,23,5.82
412,labuhan,ID,76,12/10/2017,100,-6.88,112.21,78.99,9.75
413,estelle,US,40,12/10/2017,41,29.85,-90.11,59,6.62
414,kanigoro,ID,68,12/10/2017,99,-8.13,112.22,79.57,4.83
415,castro,CL,0,12/10/2017,80,-42.47,-73.77,62.11,5.39
416,pachino,IT,0,12/10/2017,93,36.72,15.09,37.4,3.36
417,banjar,ID,40,12/10/2017,100,-8.19,114.97,77,3.36
418,lincoln,US,1,12/10/2017,22,40.8,-96.67,59,8.05
419,padang,ID,68,12/10/2017,100,-0.95,100.35,78.99,1.59
420,mezen,RU,80,12/10/2017,85,65.85,44.24,19.72,7.74
421,macapa,BR,90,12/10/2017,94,0.04,-51.07,80.6,8.05
422,praia da vitoria,PT,75,12/10/2017,88,38.73,-27.07,62.6,22.39
423,carman,CA,1,12/10/2017,100,49.5,-98,26.6,6.93
424,posse,BR,92,12/10/2017,97,-14.09,-46.37,67.92,11.43
425,turbat,PK,0,12/10/2017,28,26,63.04,47.22,8.97
426,syasstroy,RU,92,12/10/2017,92,60.14,32.57,32.77,5.61
427,coihaique,CL,0,12/10/2017,49,-45.58,-72.07,73.4,25.28
428,sinop,TR,12,12/10/2017,88,41.77,34.87,46.5,13.11
429,kokstad,ZA,88,12/10/2017,96,-30.55,29.42,50.28,2.93
430,oxapampa,PE,36,12/10/2017,97,-10.58,-75.4,58.83,1.92
431,orizona,BR,76,12/10/2017,97,-17.03,-48.3,66.3,3.15
432,sungairaya,ID,80,12/10/2017,97,0.7,108.9,75.3,3.94
433,tuy hoa,VN,80,12/10/2017,100,13.08,109.3,70.62,11.21
434,houma,US,1,12/10/2017,43,29.6,-90.72,59,10.29
435,khatanga,RU,12,12/10/2017,65,71.97,102.5,-13.94,14.23
436,ambilobe,MG,80,12/10/2017,97,-13.2,49.05,72.06,3.27
437,ondjiva,AO,0,12/10/2017,94,-17.07,15.73,65.44,3.6
438,osoyoos,CA,90,12/10/2017,64,49.03,-119.45,33.8,9.17
439,galyugayevskaya,RU,88,12/10/2017,95,43.7,44.93,34.12,3.04
440,front royal,US,1,12/10/2017,50,38.92,-78.19,39.2,4.7
441,saurimo,AO,88,12/10/2017,99,-9.66,20.39,66.61,2.71
442,iranshahr,IR,0,12/10/2017,14,27.2,60.68,44.6,4.7
443,gubkinskiy,RU,64,12/10/2017,76,64.43,76.5,7.71,7.74
444,almeirim,BR,20,12/10/2017,61,-1.52,-52.58,85.38,4.61
445,altay,CN,44,12/10/2017,77,47.87,88.12,4.69,2.37
446,yulara,AU,24,12/10/2017,21,-25.24,130.99,71.6,10.29
447,kawalu,ID,76,12/10/2017,96,-7.38,108.21,69.9,1.36
448,bure,ET,8,12/10/2017,69,10.7,37.07,47.76,3.15
449,cotonou,BJ,0,12/10/2017,74,6.37,2.42,80.6,4.7
450,vila velha,BR,90,12/10/2017,88,-20.33,-40.29,77,2.24
451,zonguldak,TR,8,12/10/2017,100,41.25,31.83,42.9,3.71
452,orlik,RU,24,12/10/2017,62,52.52,99.83,-12.1,1.81
453,thompson,CA,90,12/10/2017,77,55.74,-97.86,1.4,2.24
454,bredasdorp,ZA,80,12/10/2017,63,-34.53,20.04,62.6,13.87
455,punta arenas,CL,40,12/10/2017,58,-53.15,-70.92,59,47.2
456,hilo,US,1,12/10/2017,51,19.73,-155.09,80.6,6.93
457,koumac,NC,92,12/10/2017,97,-20.57,164.28,76.65,3.49
458,nevers,FR,90,12/10/2017,93,46.99,3.16,46.4,13.87
459,nardaran,AZ,40,12/10/2017,93,40.56,50.01,46.4,10.29
460,krasnoyarsk,RU,24,12/10/2017,83,56.01,92.79,-5.81,2.37
461,porto novo,CV,75,12/10/2017,60,17.02,-25.06,75.2,14.99
462,ponta do sol,CV,32,12/10/2017,100,17.2,-25.09,76.02,18.37
463,kahului,US,75,12/10/2017,78,20.89,-156.47,78.8,16.11
464,san patricio,MX,40,12/10/2017,74,19.22,-104.7,84.2,9.17
465,kathu,TH,20,12/10/2017,83,7.92,98.33,77,5.82
466,prince rupert,CA,90,12/10/2017,66,54.32,-130.32,53.6,12.75
467,lompoc,US,1,12/10/2017,12,34.64,-120.46,71.6,3.15
468,barrow,US,90,12/10/2017,77,71.29,-156.79,1.4,25.28
469,ratnagiri,IN,12,12/10/2017,98,16.98,73.3,80.11,9.08
470,jiayuguan,CN,48,12/10/2017,72,39.82,98.3,8.92,2.71
471,la mana,EC,75,12/10/2017,59,-0.93,-79.22,66.2,8.05
472,tsiroanomandidy,MG,80,12/10/2017,94,-18.77,46.03,62.34,2.93
473,bethel,US,90,12/10/2017,69,41.37,-73.41,37.4,6.62
474,kropotkin,RU,92,12/10/2017,79,45.44,40.58,40.11,14.9
475,umarkot,IN,0,12/10/2017,81,19.67,82.22,51.31,2.59
476,siedlce,PL,92,12/10/2017,86,52.17,22.29,30.16,20.15
477,kapaa,US,40,12/10/2017,69,22.08,-159.32,75.2,10.29
478,sondrio,IT,75,12/10/2017,79,46.17,9.87,30.2,10.29
479,libreville,GA,20,12/10/2017,88,0.39,9.45,80.6,6.93
480,lukhovitsy,RU,92,12/10/2017,97,54.97,39.04,37.5,16.69
481,sao filipe,CV,24,12/10/2017,92,14.9,-24.5,77.14,14.45
482,beringovskiy,RU,76,12/10/2017,98,63.05,179.32,22.02,25.08
483,san quintin,MX,80,12/10/2017,37,30.48,-115.95,65.76,1.14
484,quesnel,CA,1,12/10/2017,55,53,-122.5,37.4,5.82
485,cape town,ZA,0,12/10/2017,55,-33.93,18.42,62.6,12.75
486,jieshi,CN,0,12/10/2017,100,22.81,115.83,58.74,15.23
487,te anau,NZ,92,12/10/2017,93,-45.42,167.72,54.51,11.77
488,carnarvon,ZA,0,12/10/2017,35,-30.97,22.13,55.72,10.87
489,juneau,US,90,12/10/2017,100,58.3,-134.42,44.6,5.82
490,ilulissat,GL,80,12/10/2017,51,69.22,-51.1,35.6,12.75
491,torbay,CA,90,12/10/2017,93,47.67,-52.73,53.6,23.04
492,makakilo city,US,75,12/10/2017,57,21.35,-158.09,80.6,4.7
493,ketchikan,US,90,12/10/2017,76,55.34,-131.65,53.6,6.93
494,udachnyy,RU,36,12/10/2017,39,66.42,112.4,-26.09,2.59
495,nanortalik,GL,80,12/10/2017,97,60.14,-45.24,29.26,7.96
496,kodiak,US,90,12/10/2017,93,57.79,-152.41,42.8,25.28
497,chicama,PE,20,12/10/2017,82,-7.84,-79.15,68,9.17
498,poum,NC,92,12/10/2017,100,-20.23,164.02,75.93,6.17
499,arraial do cabo,BR,75,12/10/2017,88,-22.97,-42.03,75.2,10.29
500,iqaluit,CA,90,12/10/2017,84,63.75,-68.51,6.8,13.87
501,stornoway,GB,80,12/10/2017,86,58.21,-6.39,39.2,12.75
502,narsaq,GL,64,12/10/2017,86,60.92,-46.05,33.8,4.7
503,nome,US,75,12/10/2017,72,64.5,-165.41,17.6,6.93
504,la asuncion,VE,24,12/10/2017,100,11.03,-63.86,80.02,13.33
505,manta,EC,20,12/10/2017,78,-0.95,-80.73,78.8,13.87
506,carlton,GB,0,12/10/2017,92,54.58,-1.4,30.2,3.36
507,dikson,RU,76,12/10/2017,100,73.51,80.55,9.91,14.9
508,nuuk,GL,12,12/10/2017,92,64.18,-51.72,28.4,12.75
509,santiago,PH,80,12/10/2017,100,16.69,121.55,72.42,4.72
510,setermoen,NO,75,12/10/2017,64,68.86,18.35,33.8,12.75
511,chilca,PE,0,12/10/2017,92,-12.52,-76.74,64.36,5.39
512,bogorodskoye,RU,88,12/10/2017,96,56.55,37.88,36.91,16.46
513,vila franca do campo,PT,75,12/10/2017,88,37.72,-25.43,66.2,21.92
514,qaanaaq,GL,76,12/10/2017,92,77.48,-69.36,14.41,2.15
515,lugovoy,RU,88,12/10/2017,84,58.35,45.5,22.11,8.08
516,paamiut,GL,44,12/10/2017,90,61.99,-49.67,27.24,4.94
517,sitka,US,90,12/10/2017,66,57.05,-135.33,50,19.46
518,araouane,ML,32,12/10/2017,40,18.9,-3.53,53.47,4.27
519,ostrogozhsk,RU,92,12/10/2017,94,50.87,39.08,39.75,18.7
520,tuktoyaktuk,CA,75,12/10/2017,76,69.45,-133.04,-9.41,9.17
521,talcahuano,CL,0,12/10/2017,60,-36.72,-73.12,69.8,12.75
522,honningsvag,NO,40,12/10/2017,59,70.98,25.97,33.8,17.22
523,hamilton,BM,90,12/10/2017,94,32.29,-64.78,69.8,16.11
524,qaqortoq,GL,64,12/10/2017,86,60.72,-46.03,33.8,4.7
525,muisne,EC,56,12/10/2017,82,0.6,-80.03,75.16,6.73
526,tamiahua,MX,0,12/10/2017,87,21.27,-97.45,68.19,8.75
527,ostrovnoy,RU,32,12/10/2017,92,68.05,39.51,19.59,15.46
528,tuatapere,NZ,68,12/10/2017,100,-46.13,167.68,57.79,17.25
529,sistranda,NO,0,12/10/2017,63,63.73,8.83,30.2,25.28
530,vao,NC,92,12/10/2017,100,-22.67,167.48,75.57,7.63
531,sisimiut,GL,80,12/10/2017,99,66.94,-53.67,22.47,8.41
532,ucluelet,CA,75,12/10/2017,81,48.93,-125.55,50,11.41
